Test_Type,Test_Case,Result
lexer,test_001,PASSED
lexer,test_002,PASSED
lexer,test_003,PASSED
lexer,test_004,PASSED
lexer,test_005,PASSED
lexer,test_006,PASSED
lexer,test_007,PASSED
lexer,test_008,PASSED
lexer,test_009,PASSED
lexer,test_010,PASSED
lexer,test_011,PASSED
lexer,test_012,PASSED
lexer,test_013,FAILED
lexer,test_014,PASSED
lexer,test_015,PASSED
lexer,test_016,PASSED
lexer,test_017,PASSED
lexer,test_018,PASSED
lexer,test_019,PASSED
lexer,test_020,PASSED
lexer,test_021,PASSED
lexer,test_022,PASSED
lexer,test_023,PASSED
lexer,test_024,PASSED
lexer,test_025,PASSED
lexer,test_026,PASSED
lexer,test_027,FAILED
lexer,test_028,PASSED
lexer,test_029,PASSED
lexer,test_030,PASSED
lexer,test_031,FAILED
lexer,test_032,FAILED
lexer,test_033,FAILED
lexer,test_034,PASSED
lexer,test_035,PASSED
lexer,test_036,PASSED
lexer,test_037,PASSED
lexer,test_038,PASSED
lexer,test_039,PASSED
lexer,test_040,PASSED
lexer,test_041,PASSED
lexer,test_042,PASSED
lexer,test_043,PASSED
lexer,test_044,PASSED
lexer,test_045,PASSED
lexer,test_046,PASSED
lexer,test_047,PASSED
lexer,test_048,PASSED
lexer,test_049,PASSED
lexer,test_050,PASSED
lexer,test_051,PASSED
lexer,test_052,FAILED
lexer,test_053,PASSED
lexer,test_054,PASSED
lexer,test_055,PASSED
lexer,test_056,PASSED
lexer,test_057,PASSED
lexer,test_058,PASSED
lexer,test_059,PASSED
lexer,test_060,PASSED
lexer,test_061,PASSED
lexer,test_062,FAILED
lexer,test_063,FAILED
lexer,test_064,PASSED
lexer,test_065,PASSED
lexer,test_066,FAILED
lexer,test_067,PASSED
lexer,test_068,PASSED
lexer,test_069,PASSED
lexer,test_070,PASSED
lexer,test_071,PASSED
lexer,test_072,PASSED
lexer,test_073,PASSED
lexer,test_074,PASSED
lexer,test_075,FAILED
lexer,test_076,PASSED
lexer,test_077,PASSED
lexer,test_078,PASSED
lexer,test_079,PASSED
lexer,test_080,PASSED
lexer,test_081,PASSED
lexer,test_082,PASSED
lexer,test_083,PASSED
lexer,test_084,PASSED
lexer,test_085,PASSED
lexer,test_086,PASSED
lexer,test_087,PASSED
lexer,test_088,PASSED
lexer,test_089,PASSED
lexer,test_090,PASSED
lexer,test_091,PASSED
lexer,test_092,PASSED
lexer,test_093,PASSED
lexer,test_094,PASSED
lexer,test_095,PASSED
lexer,test_096,PASSED
lexer,test_097,PASSED
lexer,test_098,PASSED
lexer,test_099,PASSED
lexer,test_100,PASSED
parser,test_001,PASSED
parser,test_002,PASSED
parser,test_003,PASSED
parser,test_004,PASSED
parser,test_005,PASSED
parser,test_006,PASSED
parser,test_007,PASSED
parser,test_008,PASSED
parser,test_009,PASSED
parser,test_010,PASSED
parser,test_011,PASSED
parser,test_012,PASSED
parser,test_013,PASSED
parser,test_014,PASSED
parser,test_015,FAILED
parser,test_016,FAILED
parser,test_017,FAILED
parser,test_018,PASSED
parser,test_019,PASSED
parser,test_020,PASSED
parser,test_021,PASSED
parser,test_022,PASSED
parser,test_023,PASSED
parser,test_024,PASSED
parser,test_025,PASSED
parser,test_026,PASSED
parser,test_027,PASSED
parser,test_028,PASSED
parser,test_029,PASSED
parser,test_030,PASSED
parser,test_031,PASSED
parser,test_032,PASSED
parser,test_033,PASSED
parser,test_034,PASSED
parser,test_035,PASSED
parser,test_036,PASSED
parser,test_037,PASSED
parser,test_038,FAILED
parser,test_039,FAILED
parser,test_040,FAILED
parser,test_041,PASSED
parser,test_042,PASSED
parser,test_043,PASSED
parser,test_044,PASSED
parser,test_045,PASSED
parser,test_046,PASSED
parser,test_047,PASSED
parser,test_048,PASSED
parser,test_049,FAILED
parser,test_050,PASSED
parser,test_051,PASSED
parser,test_052,PASSED
parser,test_053,PASSED
parser,test_054,PASSED
parser,test_055,PASSED
parser,test_056,PASSED
parser,test_057,PASSED
parser,test_058,PASSED
parser,test_059,PASSED
parser,test_060,PASSED
parser,test_061,PASSED
parser,test_062,PASSED
parser,test_063,PASSED
parser,test_064,PASSED
parser,test_065,PASSED
parser,test_066,PASSED
parser,test_067,PASSED
parser,test_068,PASSED
parser,test_069,PASSED
parser,test_070,PASSED
parser,test_071,PASSED
parser,test_072,PASSED
parser,test_073,PASSED
parser,test_074,PASSED
parser,test_075,PASSED
parser,test_076,PASSED
parser,test_077,PASSED
parser,test_078,PASSED
parser,test_079,PASSED
parser,test_080,PASSED
parser,test_081,PASSED
parser,test_082,PASSED
parser,test_083,FAILED
parser,test_084,FAILED
parser,test_085,PASSED
parser,test_086,PASSED
parser,test_087,PASSED
parser,test_088,FAILED
parser,test_089,PASSED
parser,test_090,PASSED
parser,test_091,PASSED
parser,test_092,PASSED
parser,test_093,FAILED
parser,test_094,PASSED
parser,test_095,FAILED
parser,test_096,PASSED
parser,test_097,PASSED
parser,test_098,PASSED
parser,test_099,PASSED
parser,test_100,PASSED
